Run,Assay Type,AvgSpotLen,Bases,BioProject,BioSample,Bytes,Center Name,Consent,DATASTORE filetype,DATASTORE provider,DATASTORE region,disease_state,Experiment,GEO_Accession (exp),Instrument,LibraryLayout,LibrarySelection,LibrarySource,Organism,Platform,ReleaseDate,create_date,version,Sample Name,source_name,SRA Study,tissue
SRR5120902,RNA-Seq,202,12153038716,PRJNA358081,SAMN06165919,8237615134,GEO,public,"fastq,run.zq,sra","gs,s3,ncbi","s3.us-east-1,ncbi.public,gs.us-east1",Idiopathic Pulmonary Fibrosis,SRX2436128,GSM2433098,Illumina HiSeq 2000,PAIRED,cDNA,TRANSCRIPTOMIC,Homo sapiens,ILLUMINA,2017-01-03T00:00:00Z,2016-12-19T15:18:00Z,1,GSM2433098,lung tissue,SRP095361,lung
SRR5120903,RNA-Seq,202,10744929642,PRJNA358081,SAMN06165918,7290532167,GEO,public,"run.zq,sra,fastq","gs,ncbi,s3","s3.us-east-1,gs.us-east1,ncbi.public",Idiopathic Pulmonary Fibrosis,SRX2436129,GSM2433099,Illumina HiSeq 2000,PAIRED,cDNA,TRANSCRIPTOMIC,Homo sapiens,ILLUMINA,2017-01-03T00:00:00Z,2016-12-19T15:10:00Z,1,GSM2433099,lung tissue,SRP095361,lung
SRR5120904,RNA-Seq,202,6685806504,PRJNA358081,SAMN06165917,4548037855,GEO,public,"sra,run.zq,fastq","ncbi,gs,s3","ncbi.public,gs.us-east1,s3.us-east-1",Idiopathic Pulmonary Fibrosis,SRX2436130,GSM2433100,Illumina HiSeq 2000,PAIRED,cDNA,TRANSCRIPTOMIC,Homo sapiens,ILLUMINA,2017-01-03T00:00:00Z,2016-12-19T14:54:00Z,1,GSM2433100,lung tissue,SRP095361,lung
SRR5120905,RNA-Seq,202,10060063590,PRJNA358081,SAMN06165916,6915704449,GEO,public,"fastq,run.zq,sra","ncbi,gs,s3","ncbi.public,gs.us-east1,s3.us-east-1",Idiopathic Pulmonary Fibrosis,SRX2436131,GSM2433101,Illumina HiSeq 2000,PAIRED,cDNA,TRANSCRIPTOMIC,Homo sapiens,ILLUMINA,2017-01-03T00:00:00Z,2016-12-19T15:15:00Z,1,GSM2433101,lung tissue,SRP095361,lung
SRR5120906,RNA-Seq,202,12193465582,PRJNA358081,SAMN06165915,8385320292,GEO,public,"sra,fastq,run.zq","ncbi,gs,s3","gs.us-east1,s3.us-east-1,ncbi.public",Idiopathic Pulmonary Fibrosis,SRX2436132,GSM2433102,Illumina HiSeq 2000,PAIRED,cDNA,TRANSCRIPTOMIC,Homo sapiens,ILLUMINA,2017-01-03T00:00:00Z,2016-12-19T15:05:00Z,1,GSM2433102,lung tissue,SRP095361,lung
SRR5120907,RNA-Seq,202,7008218906,PRJNA358081,SAMN06165914,4820092087,GEO,public,"fastq,run.zq,sra","gs,ncbi,s3","s3.us-east-1,ncbi.public,gs.us-east1",Idiopathic Pulmonary Fibrosis,SRX2436133,GSM2433103,Illumina HiSeq 2000,PAIRED,cDNA,TRANSCRIPTOMIC,Homo sapiens,ILLUMINA,2017-01-03T00:00:00Z,2016-12-19T14:52:00Z,1,GSM2433103,lung tissue,SRP095361,lung
SRR5120908,RNA-Seq,202,8673605684,PRJNA358081,SAMN06165913,6043316401,GEO,public,"sra,run.zq,fastq","s3,ncbi,gs","gs.us-east1,ncbi.public,s3.us-east-1",Idiopathic Pulmonary Fibrosis,SRX2436134,GSM2433104,Illumina HiSeq 2000,PAIRED,cDNA,TRANSCRIPTOMIC,Homo sapiens,ILLUMINA,2017-01-03T00:00:00Z,2016-12-19T15:15:00Z,1,GSM2433104,lung tissue,SRP095361,lung
SRR5120909,RNA-Seq,202,9225982562,PRJNA358081,SAMN06165912,6382223760,GEO,public,"sra,run.zq,fastq","s3,ncbi,gs","gs.us-east1,ncbi.public,s3.us-east-1",Idiopathic Pulmonary Fibrosis,SRX2436135,GSM2433105,Illumina HiSeq 2000,PAIRED,cDNA,TRANSCRIPTOMIC,Homo sapiens,ILLUMINA,2017-01-03T00:00:00Z,2016-12-19T15:09:00Z,1,GSM2433105,lung tissue,SRP095361,lung
SRR5120910,RNA-Seq,202,11001043826,PRJNA358081,SAMN06165911,7550318596,GEO,public,"run.zq,sra,fastq","s3,gs,ncbi","gs.us-east1,ncbi.public,s3.us-east-1",Idiopathic Pulmonary Fibrosis,SRX2436136,GSM2433106,Illumina HiSeq 2000,PAIRED,cDNA,TRANSCRIPTOMIC,Homo sapiens,ILLUMINA,2017-01-03T00:00:00Z,2016-12-19T15:03:00Z,1,GSM2433106,lung tissue,SRP095361,lung
SRR5120911,RNA-Seq,202,11521104946,PRJNA358081,SAMN06165910,7933040731,GEO,public,"sra,fastq,run.zq","ncbi,s3,gs","s3.us-east-1,ncbi.public,gs.us-east1",Idiopathic Pulmonary Fibrosis,SRX2436137,GSM2433107,Illumina HiSeq 2000,PAIRED,cDNA,TRANSCRIPTOMIC,Homo sapiens,ILLUMINA,2017-01-03T00:00:00Z,2016-12-19T15:14:00Z,1,GSM2433107,lung tissue,SRP095361,lung
SRR5120912,RNA-Seq,202,9726031946,PRJNA358081,SAMN06165909,6659421884,GEO,public,"sra,run.zq,fastq","gs,ncbi,s3","ncbi.public,s3.us-east-1,gs.us-east1",Idiopathic Pulmonary Fibrosis,SRX2436138,GSM2433108,Illumina HiSeq 2000,PAIRED,cDNA,TRANSCRIPTOMIC,Homo sapiens,ILLUMINA,2017-01-03T00:00:00Z,2016-12-19T15:08:00Z,1,GSM2433108,lung tissue,SRP095361,lung
SRR5120913,RNA-Seq,202,7982946474,PRJNA358081,SAMN06165908,5502007092,GEO,public,"fastq,sra,run.zq","s3,ncbi,gs","s3.us-east-1,gs.us-east1,ncbi.public",Idiopathic Pulmonary Fibrosis,SRX2436139,GSM2433109,Illumina HiSeq 2000,PAIRED,cDNA,TRANSCRIPTOMIC,Homo sapiens,ILLUMINA,2017-01-03T00:00:00Z,2016-12-19T14:53:00Z,1,GSM2433109,lung tissue,SRP095361,lung
SRR5120914,RNA-Seq,202,8869767682,PRJNA358081,SAMN06165907,6007063448,GEO,public,"sra,fastq,run.zq","gs,ncbi,s3","s3.us-east-1,gs.us-east1,ncbi.public",Idiopathic Pulmonary Fibrosis,SRX2436140,GSM2433110,Illumina HiSeq 2000,PAIRED,cDNA,TRANSCRIPTOMIC,Homo sapiens,ILLUMINA,2017-01-03T00:00:00Z,2016-12-19T14:53:00Z,1,GSM2433110,lung tissue,SRP095361,lung
SRR5120915,RNA-Seq,202,8624097504,PRJNA358081,SAMN06165906,5862535485,GEO,public,"sra,run.zq,fastq","gs,ncbi,s3","s3.us-east-1,gs.us-east1,ncbi.public",Idiopathic Pulmonary Fibrosis,SRX2436141,GSM2433111,Illumina HiSeq 2000,PAIRED,cDNA,TRANSCRIPTOMIC,Homo sapiens,ILLUMINA,2017-01-03T00:00:00Z,2016-12-19T14:54:00Z,1,GSM2433111,lung tissue,SRP095361,lung
SRR5120916,RNA-Seq,202,9662747770,PRJNA358081,SAMN06165905,6579432658,GEO,public,"fastq,run.zq,sra","s3,ncbi,gs","ncbi.public,gs.us-east1,s3.us-east-1",Idiopathic Pulmonary Fibrosis,SRX2436142,GSM2433112,Illumina HiSeq 2000,PAIRED,cDNA,TRANSCRIPTOMIC,Homo sapiens,ILLUMINA,2017-01-03T00:00:00Z,2016-12-19T14:58:00Z,1,GSM2433112,lung tissue,SRP095361,lung
SRR5120917,RNA-Seq,202,12629018790,PRJNA358081,SAMN06165904,8779012187,GEO,public,"sra,fastq,run.zq","s3,gs,ncbi","s3.us-east-1,ncbi.public,gs.us-east1",Idiopathic Pulmonary Fibrosis,SRX2436143,GSM2433113,Illumina HiSeq 2000,PAIRED,cDNA,TRANSCRIPTOMIC,Homo sapiens,ILLUMINA,2017-01-03T00:00:00Z,2016-12-19T15:19:00Z,1,GSM2433113,lung tissue,SRP095361,lung
SRR5120918,RNA-Seq,202,9144405468,PRJNA358081,SAMN06165903,6343992491,GEO,public,"run.zq,sra,fastq","ncbi,gs,s3","ncbi.public,gs.us-east1,s3.us-east-1",Idiopathic Pulmonary Fibrosis,SRX2436144,GSM2433114,Illumina HiSeq 2000,PAIRED,cDNA,TRANSCRIPTOMIC,Homo sapiens,ILLUMINA,2017-01-03T00:00:00Z,2016-12-19T15:12:00Z,1,GSM2433114,lung tissue,SRP095361,lung
SRR5120919,RNA-Seq,202,9688584580,PRJNA358081,SAMN06165902,6631959489,GEO,public,"run.zq,sra,fastq","gs,ncbi,s3","s3.us-east-1,ncbi.public,gs.us-east1",Idiopathic Pulmonary Fibrosis,SRX2436145,GSM2433115,Illumina HiSeq 2000,PAIRED,cDNA,TRANSCRIPTOMIC,Homo sapiens,ILLUMINA,2017-01-03T00:00:00Z,2016-12-19T14:56:00Z,1,GSM2433115,lung tissue,SRP095361,lung
SRR5120920,RNA-Seq,202,8924163050,PRJNA358081,SAMN06165901,6115552929,GEO,public,"run.zq,fastq,sra","ncbi,s3,gs","ncbi.public,gs.us-east1,s3.us-east-1",Idiopathic Pulmonary Fibrosis,SRX2436146,GSM2433116,Illumina HiSeq 2000,PAIRED,cDNA,TRANSCRIPTOMIC,Homo sapiens,ILLUMINA,2017-01-03T00:00:00Z,2016-12-19T14:56:00Z,1,GSM2433116,lung tissue,SRP095361,lung
SRR5120921,RNA-Seq,202,10789827374,PRJNA358081,SAMN06165900,7362407600,GEO,public,"run.zq,fastq,sra","ncbi,gs,s3","ncbi.public,s3.us-east-1,gs.us-east1",Idiopathic Pulmonary Fibrosis,SRX2436147,GSM2433117,Illumina HiSeq 2000,PAIRED,cDNA,TRANSCRIPTOMIC,Homo sapiens,ILLUMINA,2017-01-03T00:00:00Z,2016-12-19T15:12:00Z,1,GSM2433117,lung tissue,SRP095361,lung
SRR5120922,RNA-Seq,202,5552854154,PRJNA358081,SAMN06165899,3603614817,GEO,public,"run.zq,fastq,sra","gs,s3,ncbi","s3.us-east-1,ncbi.public,gs.us-east1",Control,SRX2436148,GSM2433118,Illumina HiSeq 2000,PAIRED,cDNA,TRANSCRIPTOMIC,Homo sapiens,ILLUMINA,2017-01-03T00:00:00Z,2016-12-19T14:49:00Z,1,GSM2433118,lung tissue,SRP095361,lung
SRR5120923,RNA-Seq,202,10773612632,PRJNA358081,SAMN06165898,6503381080,GEO,public,"run.zq,fastq,sra","s3,gs,ncbi","ncbi.public,gs.us-east1,s3.us-east-1",Control,SRX2436149,GSM2433119,Illumina HiSeq 2000,PAIRED,cDNA,TRANSCRIPTOMIC,Homo sapiens,ILLUMINA,2017-01-03T00:00:00Z,2016-12-19T15:07:00Z,1,GSM2433119,lung tissue,SRP095361,lung
SRR5120924,RNA-Seq,202,10585524170,PRJNA358081,SAMN06165897,6490071880,GEO,public,"sra,run.zq,fastq","gs,ncbi,s3","s3.us-east-1,gs.us-east1,ncbi.public",Control,SRX2436150,GSM2433120,Illumina HiSeq 2000,PAIRED,cDNA,TRANSCRIPTOMIC,Homo sapiens,ILLUMINA,2017-01-03T00:00:00Z,2016-12-19T15:14:00Z,1,GSM2433120,lung tissue,SRP095361,lung
SRR5120925,RNA-Seq,202,9622658446,PRJNA358081,SAMN06165948,5751367477,GEO,public,"sra,run.zq,fastq","gs,ncbi,s3","ncbi.public,s3.us-east-1,gs.us-east1",Control,SRX2436151,GSM2433121,Illumina HiSeq 2000,PAIRED,cDNA,TRANSCRIPTOMIC,Homo sapiens,ILLUMINA,2017-01-03T00:00:00Z,2016-12-19T15:02:00Z,1,GSM2433121,lung tissue,SRP095361,lung
SRR5120926,RNA-Seq,202,13803878262,PRJNA358081,SAMN06165947,8623971633,GEO,public,"sra,fastq,run.zq","gs,ncbi,s3","ncbi.public,gs.us-east1,s3.us-east-1",Control,SRX2436152,GSM2433122,Illumina HiSeq 2000,PAIRED,cDNA,TRANSCRIPTOMIC,Homo sapiens,ILLUMINA,2017-01-03T00:00:00Z,2016-12-19T15:13:00Z,1,GSM2433122,lung tissue,SRP095361,lung
SRR5120927,RNA-Seq,202,8409923570,PRJNA358081,SAMN06165946,5051737805,GEO,public,"fastq,run.zq,sra","ncbi,gs,s3","gs.us-east1,s3.us-east-1,ncbi.public",Control,SRX2436153,GSM2433123,Illumina HiSeq 2000,PAIRED,cDNA,TRANSCRIPTOMIC,Homo sapiens,ILLUMINA,2017-01-03T00:00:00Z,2016-12-19T14:58:00Z,1,GSM2433123,lung tissue,SRP095361,lung
SRR5120928,RNA-Seq,202,9740027920,PRJNA358081,SAMN06165945,6026541784,GEO,public,"run.zq,sra,fastq","gs,s3,ncbi","s3.us-east-1,ncbi.public,gs.us-east1",Control,SRX2436154,GSM2433124,Illumina HiSeq 2000,PAIRED,cDNA,TRANSCRIPTOMIC,Homo sapiens,ILLUMINA,2017-01-03T00:00:00Z,2016-12-19T14:59:00Z,1,GSM2433124,lung tissue,SRP095361,lung
SRR5120929,RNA-Seq,202,8874427216,PRJNA358081,SAMN06165944,5564881927,GEO,public,"fastq,sra,run.zq","s3,ncbi,gs","gs.us-east1,s3.us-east-1,ncbi.public",Control,SRX2436155,GSM2433125,Illumina HiSeq 2000,PAIRED,cDNA,TRANSCRIPTOMIC,Homo sapiens,ILLUMINA,2017-01-03T00:00:00Z,2016-12-19T15:11:00Z,1,GSM2433125,lung tissue,SRP095361,lung
SRR5120930,RNA-Seq,202,10684568810,PRJNA358081,SAMN06165943,6479754715,GEO,public,"fastq,sra,run.zq","gs,ncbi,s3","s3.us-east-1,ncbi.public,gs.us-east1",Control,SRX2436156,GSM2433126,Illumina HiSeq 2000,PAIRED,cDNA,TRANSCRIPTOMIC,Homo sapiens,ILLUMINA,2017-01-03T00:00:00Z,2016-12-19T15:11:00Z,1,GSM2433126,lung tissue,SRP095361,lung
SRR5120931,RNA-Seq,202,9087878798,PRJNA358081,SAMN06165942,5987482990,GEO,public,"fastq,run.zq,sra","s3,gs,ncbi","gs.us-east1,ncbi.public,s3.us-east-1",Control,SRX2436157,GSM2433127,Illumina HiSeq 2000,PAIRED,cDNA,TRANSCRIPTOMIC,Homo sapiens,ILLUMINA,2017-01-03T00:00:00Z,2016-12-19T15:05:00Z,1,GSM2433127,lung tissue,SRP095361,lung
SRR5120932,RNA-Seq,202,8475820212,PRJNA358081,SAMN06165941,4910334496,GEO,public,"run.zq,fastq,sra","s3,gs,ncbi","s3.us-east-1,gs.us-east1,ncbi.public",Control,SRX2436158,GSM2433128,Illumina HiSeq 2000,PAIRED,cDNA,TRANSCRIPTOMIC,Homo sapiens,ILLUMINA,2017-01-03T00:00:00Z,2016-12-19T14:55:00Z,1,GSM2433128,lung tissue,SRP095361,lung
SRR5120933,RNA-Seq,202,10834193442,PRJNA358081,SAMN06165940,7444699729,GEO,public,"run.zq,sra,fastq","s3,gs,ncbi","s3.us-east-1,ncbi.public,gs.us-east1",Control,SRX2436159,GSM2433129,Illumina HiSeq 2000,PAIRED,cDNA,TRANSCRIPTOMIC,Homo sapiens,ILLUMINA,2017-01-03T00:00:00Z,2016-12-19T15:02:00Z,1,GSM2433129,lung tissue,SRP095361,lung
SRR5120934,RNA-Seq,202,9880564976,PRJNA358081,SAMN06165939,5904387943,GEO,public,"sra,fastq,run.zq","s3,gs,ncbi","gs.us-east1,ncbi.public,s3.us-east-1",Control,SRX2436160,GSM2433130,Illumina HiSeq 2000,PAIRED,cDNA,TRANSCRIPTOMIC,Homo sapiens,ILLUMINA,2017-01-03T00:00:00Z,2016-12-19T15:04:00Z,1,GSM2433130,lung tissue,SRP095361,lung
SRR5120935,RNA-Seq,202,7531815632,PRJNA358081,SAMN06165938,4965769025,GEO,public,"sra,fastq,run.zq","gs,s3,ncbi","s3.us-east-1,ncbi.public,gs.us-east1",Control,SRX2436161,GSM2433131,Illumina HiSeq 2000,PAIRED,cDNA,TRANSCRIPTOMIC,Homo sapiens,ILLUMINA,2017-01-03T00:00:00Z,2016-12-19T15:11:00Z,1,GSM2433131,lung tissue,SRP095361,lung
SRR5120936,RNA-Seq,202,10644035288,PRJNA358081,SAMN06165937,6631950383,GEO,public,"run.zq,sra,fastq","gs,s3,ncbi","s3.us-east-1,gs.us-east1,ncbi.public",Control,SRX2436162,GSM2433132,Illumina HiSeq 2000,PAIRED,cDNA,TRANSCRIPTOMIC,Homo sapiens,ILLUMINA,2017-01-03T00:00:00Z,2016-12-19T15:14:00Z,1,GSM2433132,lung tissue,SRP095361,lung
SRR5120937,RNA-Seq,202,10049969044,PRJNA358081,SAMN06165936,6196246205,GEO,public,"sra,run.zq,fastq","ncbi,s3,gs","ncbi.public,s3.us-east-1,gs.us-east1",Control,SRX2436163,GSM2433133,Illumina HiSeq 2000,PAIRED,cDNA,TRANSCRIPTOMIC,Homo sapiens,ILLUMINA,2017-01-03T00:00:00Z,2016-12-19T15:12:00Z,1,GSM2433133,lung tissue,SRP095361,lung
SRR5120938,RNA-Seq,202,10439990240,PRJNA358081,SAMN06165935,6565767409,GEO,public,"fastq,sra,run.zq","gs,ncbi,s3","ncbi.public,gs.us-east1,s3.us-east-1",Control,SRX2436164,GSM2433134,Illumina HiSeq 2000,PAIRED,cDNA,TRANSCRIPTOMIC,Homo sapiens,ILLUMINA,2017-01-03T00:00:00Z,2016-12-19T15:09:00Z,1,GSM2433134,lung tissue,SRP095361,lung
SRR5120939,RNA-Seq,202,10715505312,PRJNA358081,SAMN06165934,6667456955,GEO,public,"run.zq,fastq,sra","s3,ncbi,gs","gs.us-east1,s3.us-east-1,ncbi.public",Control,SRX2436165,GSM2433135,Illumina HiSeq 2000,PAIRED,cDNA,TRANSCRIPTOMIC,Homo sapiens,ILLUMINA,2017-01-03T00:00:00Z,2016-12-19T15:16:00Z,1,GSM2433135,lung tissue,SRP095361,lung
SRR5120940,RNA-Seq,202,9484712444,PRJNA358081,SAMN06165933,5859838326,GEO,public,"fastq,run.zq,sra","gs,s3,ncbi","s3.us-east-1,ncbi.public,gs.us-east1",Control,SRX2436166,GSM2433136,Illumina HiSeq 2000,PAIRED,cDNA,TRANSCRIPTOMIC,Homo sapiens,ILLUMINA,2017-01-03T00:00:00Z,2016-12-19T15:01:00Z,1,GSM2433136,lung tissue,SRP095361,lung
