Sample,Total Reads,Total Passed QC,Mapped,Secondary Alignments,Duplicates,Paired in Sequencing,Properly Paired,Self and mate mapped,Singletons,Mate mapped to diff chr,Diff chr (mapQ >= 5)
SRR5120902_markdup,257.108224,257.108224,257.108224,151.977118,38.393532,105.13110599999999,105.13011999999999,105.13011999999999,0.000986,0,0
SRR5120903_markdup,253.92798,253.92798,253.92798,161.738573,33.851760999999996,92.189407,92.18833599999999,92.18833599999999,0.001071,0,0
SRR5120904_markdup,139.144945,139.144945,139.144945,81.12428899999999,16.288515,58.020655999999995,58.020064,58.020064,0.000592,0,0
SRR5120905_markdup,195.72799999999998,195.72799999999998,195.72799999999998,109.574338,26.624682,86.153662,86.152648,86.152648,0.001014,0,0
SRR5120906_markdup,225.85123199999998,225.85123199999998,225.85123199999998,120.859932,32.476011,104.9913,104.99021599999999,104.99021599999999,0.001084,0,0
SRR5120907_markdup,134.188006,134.188006,134.188006,73.665756,16.131437,60.52225,60.521609999999995,60.521609999999995,0.0006399999999999999,0,0
SRR5120908_markdup,140.66278,140.66278,140.66278,66.977217,17.216859,73.685563,73.684766,73.684766,0.000797,0,0
SRR5120909_markdup,144.746564,144.746564,144.746564,66.335106,20.297946,78.411458,78.410416,78.410416,0.001042,0,0
SRR5120910_markdup,245.78901499999998,245.78901499999998,245.78901499999998,151.41210999999998,31.406958,94.376905,94.376014,94.376014,0.000891,0,0
SRR5120911_markdup,354.157985,354.157985,354.157985,257.5038,50.313511,96.654185,96.653166,96.653166,0.001019,0,0
SRR5120912_markdup,232.341118,232.341118,232.341118,149.26673499999998,29.721519999999998,83.074383,83.07365,83.07365,0.0007329999999999999,0,0
SRR5120913_markdup,203.983277,203.983277,203.983277,135.895343,25.457822999999998,68.08793399999999,68.08726399999999,68.08726399999999,0.00067,0,0
SRR5120914_markdup,176.65631199999999,176.65631199999999,176.65631199999999,99.552005,23.720471,77.10430699999999,77.103464,77.103464,0.000843,0,0
SRR5120915_markdup,133.706393,133.706393,133.706393,58.535734999999995,20.446382999999997,75.170658,75.169808,75.169808,0.00085,0,0
SRR5120916_markdup,228.193414,228.193414,228.193414,145.380743,28.546803999999998,82.812671,82.811854,82.811854,0.0008169999999999999,0,0
SRR5120917_markdup,241.80601,241.80601,241.80601,135.467717,38.640194,106.338293,106.337026,106.337026,0.001267,0,0
SRR5120918_markdup,188.981865,188.981865,188.981865,112.41738699999999,25.148771999999997,76.564478,76.563582,76.563582,0.000896,0,0
SRR5120919_markdup,227.86583,227.86583,227.86583,145.196159,31.312179999999998,82.669671,82.668868,82.668868,0.000803,0,0
SRR5120920_markdup,232.51368399999998,232.51368399999998,232.51368399999998,156.153415,28.518815999999998,76.360269,76.359484,76.359484,0.000785,0,0
SRR5120921_markdup,244.845687,244.845687,244.845687,152.655422,33.011401,92.190265,92.189242,92.189242,0.001023,0,0
SRR5120922_markdup,76.050051,76.050051,76.050051,27.290362,13.785402,48.759688999999995,48.759004,48.759004,0.000685,0,0
SRR5120923_markdup,141.56988099999998,141.56988099999998,141.56988099999998,44.794810999999996,32.041765999999996,96.77507,96.773878,96.773878,0.001192,0,0
SRR5120924_markdup,149.20373,149.20373,149.20373,53.517471,25.764139999999998,95.68625899999999,95.685458,95.685458,0.000801,0,0
SRR5120925_markdup,124.01827399999999,124.01827399999999,124.01827399999999,39.127719,33.801019,84.89055499999999,84.8898,84.8898,0.0007549999999999999,0,0
SRR5120926_markdup,220.16153599999998,220.16153599999998,220.16153599999998,96.110596,38.796409,124.05094,124.04981,124.04981,0.00113,0,0
SRR5120927_markdup,129.389672,129.389672,129.389672,53.141994999999994,19.070028999999998,76.247677,76.246974,76.246974,0.000703,0,0
SRR5120928_markdup,184.382298,184.382298,184.382298,97.305785,24.012954,87.07651299999999,87.07581599999999,87.07581599999999,0.0006969999999999999,0,0
SRR5120929_markdup,146.249853,146.249853,146.249853,67.74255699999999,22.520125999999998,78.507296,78.506348,78.506348,0.000948,0,0
SRR5120930_markdup,260.64471199999997,260.64471199999997,260.64471199999997,164.874846,35.234158,95.769866,95.769116,95.769116,0.00075,0,0
SRR5120931_markdup,143.547449,143.547449,143.547449,62.585473,18.675331999999997,80.96197599999999,80.960906,80.960906,0.00107,0,0
SRR5120932_markdup,105.389241,105.389241,105.389241,31.848962,34.040822,73.540279,73.53931399999999,73.53931399999999,0.0009649999999999999,0,0
SRR5120933_markdup,204.958204,204.958204,204.958204,111.613321,25.860886999999998,93.344883,93.34386599999999,93.34386599999999,0.001017,0,0
SRR5120934_markdup,154.520468,154.520468,154.520468,64.999505,26.096273999999998,89.520963,89.52012599999999,89.52012599999999,0.000837,0,0
SRR5120935_markdup,150.776772,150.776772,150.776772,83.807982,17.597471,66.96879,66.96807,66.96807,0.0007199999999999999,0,0
SRR5120936_markdup,165.067207,165.067207,165.067207,70.42332999999999,20.805148,94.64387699999999,94.642668,94.642668,0.001209,0,0
SRR5120937_markdup,139.856352,139.856352,139.856352,49.658013,23.542984,90.19833899999999,90.197176,90.197176,0.001163,0,0
SRR5120938_markdup,160.062538,160.062538,160.062538,67.025128,20.813274999999997,93.03741,93.036502,93.036502,0.000908,0,0
SRR5120939_markdup,246.39058899999998,246.39058899999998,246.39058899999998,150.856296,32.180704,95.53429299999999,95.533474,95.533474,0.000819,0,0
SRR5120940_markdup,153.312959,153.312959,153.312959,68.229522,21.656408,85.08343699999999,85.082686,85.082686,0.0007509999999999999,0,0
