Sample-name,Group
SRR5120902,Idiopathic Pulmonary Fibrosis
SRR5120903,Idiopathic Pulmonary Fibrosis
SRR5120904,Idiopathic Pulmonary Fibrosis
SRR5120905,Idiopathic Pulmonary Fibrosis
SRR5120906,Idiopathic Pulmonary Fibrosis
SRR5120907,Idiopathic Pulmonary Fibrosis
SRR5120908,Idiopathic Pulmonary Fibrosis
SRR5120909,Idiopathic Pulmonary Fibrosis
SRR5120910,Idiopathic Pulmonary Fibrosis
SRR5120911,Idiopathic Pulmonary Fibrosis
SRR5120912,Idiopathic Pulmonary Fibrosis
SRR5120913,Idiopathic Pulmonary Fibrosis
SRR5120914,Idiopathic Pulmonary Fibrosis
SRR5120915,Idiopathic Pulmonary Fibrosis
SRR5120916,Idiopathic Pulmonary Fibrosis
SRR5120917,Idiopathic Pulmonary Fibrosis
SRR5120918,Idiopathic Pulmonary Fibrosis
SRR5120919,Idiopathic Pulmonary Fibrosis
SRR5120920,Idiopathic Pulmonary Fibrosis
SRR5120921,Idiopathic Pulmonary Fibrosis
SRR5120922,Control
SRR5120923,Control
SRR5120924,Control
SRR5120925,Control
SRR5120926,Control
SRR5120927,Control
SRR5120928,Control
SRR5120929,Control
SRR5120930,Control
SRR5120931,Control
SRR5120932,Control
SRR5120933,Control
SRR5120934,Control
SRR5120935,Control
SRR5120936,Control
SRR5120937,Control
SRR5120938,Control
SRR5120939,Control
SRR5120940,Control
